Name,id
Yutian Tang,101
Hareton K.N. Leung,103
Ting Chen,104
Xiapu Luo,105
Shuai Li,106
Zhou Xu,107
Tao Zhang,108
Jin Liu,109
Jun Xu,110
Xuejiao Zhao,111
Hongwei Li,112
Dongjing Gao,113
Lingfeng Bao,114
Chinghung Lee,115
Zijiang Yang,116
Yifeng Zhang,117
Peipei Yuan,118
,119
,120
,121
,122
,123
,124
,125
,126
,127
,128
,129
,130
,131
,132
,133
,134
,135
,136
,137
,138
,139
,140
,141
,142
,143
,144
,145
,146
,147
,148
,149
,150
,151
,152
,153
,154
,155
,156
,157
,158
,159
,160
,161
,162
,163
,164
,165
,166
,167
,168
,169
,170
,171
,172
,173
,174
,175
,176
,177
,178
,179
,180
,181
,182
,183
,184
,185
,186
,187
,188
,189
,190
,191
,192
,193
,194
,195
,196
,197
,198
,199
,200
,201
,202
,203
,204
,205
,206
,207
,208
,209
,210
,211
,212
,213
,214
,215
,216
,217
,218
,219
,220
,221
,222
,223
,224
,225
,226
,227
,228
,229
,230
,231
,232
,233
,234
,235
,236
,237
,238
,239
,240
,241
,242
,243
,244
,245
,246
,247
,248
,249
,250
,251
,252
,253
,254
,255
,256
,257
,258
,259
,260
,261
,262
,263